Time,Time Step,gain,Reading,adc Milli Volts,Input mv,I,Irms,
0.9999999999999999,1.9009999999999998,1,309,618.0,65.19,2.963,5.67,
